供应商,品类,区域,价格指数,质量缺陷PPM,准时交付率,平均交期_天,响应时长_小时,柔性能力评分,财务稳健度,ESG评分,合作年限,纠纷次数,创新能力评分
S001,原材料,华北,54.89,689,0.8907,16.9,15.1,79.2,0.7454,61.0,5.8,1,70.8
S002,物流,华东,71.14,990,0.6377,24.7,31.9,46.4,0.5845,48.0,2.9,2,57.4
S003,零部件,东北,87.46,1293,0.645,28.7,35.1,34.4,0.5016,50.1,1.9,4,55.8
S004,物流,华东,79.47,1220,0.5515,29.7,34.7,36.8,0.5516,42.4,2.2,2,60.2
S005,服务外包,华南,70.51,527,0.8983,12.8,23.1,86.1,0.8072,81.0,6.5,1,79.9
S006,零部件,西南,66.09,978,0.6655,25.1,30.7,51.0,0.6825,58.2,5.9,3,60.9
S007,零部件,东北,55.18,764,0.8733,20.2,22.5,69.5,0.8626,71.6,5.0,2,68.5
S008,原材料,西南,74.53,1005,0.6869,25.8,31.7,53.5,0.6577,65.4,5.3,1,62.0
S009,原材料,华北,65.36,932,0.817,17.1,23.2,69.5,0.5864,57.8,2.0,1,65.5
S010,零部件,华东,90.44,752,0.7833,19.9,25.3,58.9,0.3914,31.0,1.2,3,23.4
S011,零部件,华南,58.16,478,0.9721,16.7,11.8,84.7,0.7574,63.3,4.9,0,52.0
S012,物流,华北,77.9,952,0.7647,21.6,22.5,43.8,0.1862,28.7,0.0,3,25.1
S013,零部件,华南,92.15,764,0.8166,16.3,15.6,66.1,0.5955,48.3,1.2,2,41.7
S014,原材料,华南,90.41,1528,0.5,28.7,39.4,30.2,0.6185,49.4,4.5,4,55.4
S015,原材料,东北,85.87,655,0.8032,18.4,21.6,58.7,0.5106,41.3,0.0,1,37.2
S016,服务外包,海外,91.43,900,0.7923,20.1,22.9,54.7,0.589,38.8,2.7,2,50.7
S017,原材料,华北,60.13,744,0.8373,18.8,20.6,61.4,0.4785,45.9,3.3,1,34.7
S018,零部件,华东,79.41,1075,0.7344,22.9,25.7,44.1,0.5547,42.9,0.0,2,47.5
S019,服务外包,华南,57.05,614,0.8449,14.9,18.7,73.5,0.9124,81.7,4.6,2,75.6
S020,原材料,华北,70.77,556,0.8095,18.2,19.0,70.2,0.5499,40.8,2.6,1,45.5
S021,零部件,华东,70.1,680,0.8711,17.6,19.1,65.5,0.4763,72.4,5.0,1,55.0
S022,服务外包,华南,61.21,1361,0.5751,27.5,37.3,36.4,0.62,42.3,0.7,3,50.3
S023,原材料,华北,75.97,574,0.8969,16.5,20.2,77.8,0.4921,69.2,4.9,0,60.5
S024,零部件,西南,67.41,573,0.8865,19.0,18.1,70.5,0.3902,44.5,2.1,1,37.8
S025,服务外包,东北,69.88,720,0.8011,18.9,20.8,66.0,0.4043,44.9,3.8,1,32.2
S026,原材料,华北,63.66,615,0.8173,15.9,24.7,64.8,0.3838,50.7,4.1,0,40.4
S027,零部件,华南,60.6,1204,0.7387,26.5,30.4,41.3,0.323,50.5,1.7,3,33.1
S028,物流,西南,71.75,874,0.8134,19.2,24.9,61.3,0.6545,73.7,5.1,2,51.2
S029,零部件,海外,71.02,1208,0.652,23.7,32.3,56.2,0.8955,76.0,3.8,2,85.6
S030,零部件,华东,70.29,568,0.7825,12.6,23.6,80.7,0.4395,46.5,0.0,0,31.4
S031,原材料,华北,80.93,1054,0.6787,25.0,26.3,49.9,0.4852,47.6,0.6,4,45.1
S032,零部件,东北,61.59,542,0.966,12.0,14.7,90.5,0.6809,65.2,4.5,2,69.1
S033,零部件,海外,65.21,881,0.8654,18.1,17.8,68.4,0.5485,55.9,4.0,2,44.8
S034,零部件,华东,84.66,898,0.7523,21.8,26.5,46.9,0.578,37.8,0.0,2,50.8
S035,零部件,华东,58.73,1002,0.6926,23.5,26.9,47.8,0.6365,52.1,2.1,1,43.1
S036,物流,西南,85.09,1228,0.6458,27.7,28.8,44.9,0.7755,72.9,2.7,3,60.8
S037,物流,东北,85.67,998,0.7426,24.4,26.3,49.3,0.428,29.0,0.0,2,31.8
S038,原材料,华北,70.09,1078,0.6664,22.8,30.4,59.1,0.7293,64.7,5.8,5,60.3
S039,零部件,华南,56.17,769,0.7852,19.8,24.1,50.9,0.5279,30.8,1.3,2,33.7
S040,原材料,东北,59.38,710,0.7681,18.8,22.2,61.9,0.7801,60.6,5.9,3,48.1
S041,零部件,华南,82.87,295,0.999,12.1,16.8,91.4,0.6194,56.2,5.2,0,58.2
S042,零部件,华北,89.34,652,0.8079,17.1,17.4,63.4,0.4606,42.1,0.4,0,43.0
S043,零部件,华北,50.94,710,0.9119,15.1,15.4,76.3,0.99,96.1,3.2,1,89.0
S044,零部件,华东,73.23,523,0.8818,17.5,26.7,66.8,0.6242,45.6,5.1,2,39.6
S045,零部件,东北,58.17,551,0.8914,16.0,17.9,78.6,0.7903,55.2,3.1,2,57.3
S046,物流,华北,62.4,458,0.9215,14.9,17.3,62.5,0.1923,32.3,0.0,1,26.8
S047,零部件,华北,54.24,859,0.7624,20.4,26.0,54.7,0.5615,48.3,3.8,1,39.2
S048,服务外包,华东,63.65,463,0.81,17.6,19.7,63.4,0.1,28.2,0.5,2,26.2
S049,原材料,华北,78.47,615,0.9289,16.8,21.9,72.8,0.5772,47.9,1.2,0,47.8
S050,物流,华北,69.38,691,0.8284,19.8,26.0,64.1,0.429,38.0,0.7,4,28.1
S051,零部件,华北,64.77,567,0.9174,13.8,19.2,66.7,0.3612,31.2,0.8,3,24.1
S052,零部件,华南,69.43,378,0.999,9.4,12.4,88.8,0.8334,76.2,5.6,1,64.9
S053,零部件,西南,86.21,900,0.7584,21.6,22.0,49.6,0.4479,32.1,1.6,3,35.0
S054,零部件,华东,54.8,539,0.999,13.9,17.0,65.5,0.2171,25.4,0.0,0,13.9
S055,零部件,华北,57.28,754,0.8019,18.7,27.3,61.6,0.7639,59.4,3.3,4,60.8
S056,原材料,华东,76.51,761,0.8168,17.6,24.6,67.3,0.7012,60.3,4.5,2,49.9
S057,原材料,华南,78.75,604,0.9201,16.1,19.9,66.3,0.4928,41.8,2.1,2,38.2
S058,物流,海外,70.09,1057,0.8144,23.7,30.0,37.9,0.3608,34.9,1.9,2,21.4
S059,零部件,海外,75.17,523,0.906,17.1,18.8,67.5,0.5821,58.8,2.4,1,33.5
S060,零部件,华东,65.14,254,0.999,8.6,11.9,94.5,0.5857,57.9,3.6,0,57.1
S061,服务外包,华北,77.37,902,0.7256,23.8,23.1,63.6,0.8116,70.9,2.8,2,67.0
S062,零部件,东北,61.43,469,0.8753,16.2,16.6,59.2,0.3734,20.0,2.4,1,12.0
S063,原材料,海外,65.52,347,0.9924,13.2,14.4,97.6,0.8238,72.7,3.3,1,70.1
S064,原材料,华东,58.88,809,0.8621,19.7,23.4,65.8,0.7055,59.8,3.8,3,51.6
S065,零部件,西南,68.65,1710,0.5,34.9,44.6,20.0,0.6657,58.2,1.6,6,43.0
S066,原材料,东北,101.43,875,0.7733,18.0,30.0,43.8,0.1755,28.5,0.3,2,19.5
S067,服务外包,华南,78.13,401,0.9088,13.8,18.7,83.0,0.4976,44.0,3.2,0,30.2
S068,服务外包,东北,73.05,565,0.8541,13.7,20.6,63.8,0.5527,45.7,0.4,4,50.4
S069,物流,华北,72.72,844,0.8352,19.2,21.8,54.5,0.2797,32.6,0.2,1,34.8
S070,零部件,华东,83.15,786,0.7773,18.2,20.7,68.5,0.6596,57.3,0.7,3,45.5
S071,物流,华东,74.68,624,0.8298,19.8,18.8,61.2,0.4236,46.6,4.0,0,39.8
S072,原材料,华北,57.73,50,0.999,6.1,7.4,100.0,0.7076,70.2,3.8,0,71.4
S073,原材料,海外,62.78,632,0.8211,17.0,24.0,58.6,0.3442,31.8,0.0,2,25.9
S074,零部件,华北,63.56,942,0.7397,17.6,25.1,73.5,0.99,100.0,6.1,2,84.3
S075,物流,华南,64.2,929,0.6882,21.0,27.5,60.4,0.5863,56.1,4.6,6,41.0
S076,零部件,华北,76.64,616,0.7906,17.2,20.9,77.7,0.7924,53.6,5.4,4,52.3
S077,原材料,华东,53.22,261,0.999,9.5,10.9,100.0,0.99,100.0,11.1,0,100.0
S078,原材料,华东,63.57,705,0.8035,18.2,20.1,62.0,0.5793,47.9,1.4,1,50.1
S079,原材料,华东,72.06,676,0.9108,15.8,25.7,76.1,0.3329,38.4,1.1,1,25.5
S080,原材料,华南,67.68,916,0.7549,22.9,31.1,61.0,0.9486,97.2,8.6,4,84.4
S081,原材料,华南,64.3,1035,0.6612,26.7,26.9,47.7,0.6773,55.6,1.8,4,46.2
S082,零部件,华东,74.21,1086,0.6199,24.4,29.2,32.1,0.5952,37.8,1.5,4,44.7
S083,零部件,西南,53.88,466,0.958,14.8,15.9,83.0,0.6798,77.0,2.9,0,57.4
S084,物流,华北,54.29,318,0.999,13.8,12.8,84.1,0.5679,60.0,1.2,0,41.3
S085,物流,华东,70.55,1183,0.6647,27.2,35.1,39.7,0.7117,62.9,4.9,1,47.6
S086,零部件,华东,90.64,913,0.7172,19.8,27.9,48.4,0.4799,44.9,2.8,1,34.1
S087,零部件,华东,69.47,576,0.8927,19.0,24.4,61.5,0.5558,45.0,2.5,2,36.9
S088,物流,华东,72.46,50,0.999,7.0,13.4,92.4,0.4221,43.6,2.9,0,44.9
S089,服务外包,海外,65.17,736,0.7198,19.6,26.8,61.4,0.99,80.8,7.5,1,83.5
S090,零部件,东北,73.12,666,0.8474,20.1,22.6,70.7,0.927,88.7,7.7,2,73.3
S091,物流,华北,62.46,367,0.999,16.1,16.1,86.9,0.8049,69.6,4.7,2,61.9
S092,服务外包,华东,66.91,923,0.8341,18.7,26.1,52.2,0.7263,71.1,4.4,3,64.4
S093,原材料,华东,65.56,892,0.7682,22.1,19.6,50.6,0.5443,48.0,1.0,2,49.7
S094,服务外包,华东,59.15,646,0.8037,21.5,20.8,63.9,0.6491,69.9,5.0,2,60.1
S095,原材料,华东,78.73,806,0.8817,19.0,29.6,52.6,0.6209,60.2,2.2,3,48.0
S096,零部件,华南,66.04,817,0.8414,19.1,20.6,56.1,0.1381,20.0,0.0,2,10.0
S097,物流,海外,71.96,1042,0.674,27.8,27.9,41.0,0.5967,56.1,2.7,2,46.8
S098,物流,华东,79.07,326,0.9524,10.9,17.3,80.2,0.2926,25.8,0.0,0,22.2
S099,原材料,华南,67.83,820,0.8033,19.1,22.1,75.5,0.9301,82.1,6.4,2,75.4
S100,零部件,华南,66.56,807,0.8597,19.9,22.5,59.5,0.6548,66.9,6.7,1,52.0
